bracket_num,group,champion,runner_up,final_four,elite_eight,log_prob,hamming_vs_deterministic,outcomes
1,A,Arizona,Duke,"Arizona, Duke, Florida, Michigan","Arizona, Duke, Florida, Houston, Iowa St., Michigan, Michigan St., Purdue",-10.642280677666447,0,"1,1,1,1,1,2,1,1,1,2,1,1,2,1,1,1,2,1,1,1,1,1,1,1,2,2,1,2,2,1,1,1,1,1,1,1,2,1,1,1,2,1,1,2,2,1,1,1,1,1,1,2,1,1,1,2,1,1,2,2,1,1,2"
2,A,Duke,Arizona,"Arizona, Duke, Florida, Michigan","Arizona, Duke, Florida, Houston, Iowa St., Michigan, Michigan St., Purdue",-10.653264624416174,1,"1,1,1,1,1,2,1,1,1,2,1,1,2,1,1,1,2,1,1,1,1,1,1,1,2,2,1,2,2,1,1,1,1,1,1,1,2,1,1,1,2,1,1,2,2,1,1,1,1,1,1,2,1,1,1,2,1,1,2,2,1,1,1"
3,A,Michigan,Duke,"Arizona, Duke, Florida, Michigan","Arizona, Duke, Florida, Houston, Iowa St., Michigan, Michigan St., Purdue",-10.245698417784354,1,"1,1,1,1,1,2,1,1,1,2,1,1,2,1,1,1,2,1,1,1,1,1,1,1,2,2,1,2,2,1,1,1,1,1,1,1,2,1,1,1,2,1,1,2,2,1,1,1,1,1,1,2,1,1,1,2,1,1,2,2,1,2,2"
4,A,Florida,Arizona,"Arizona, Duke, Florida, Michigan","Arizona, Duke, Florida, Houston, Iowa St., Michigan, Michigan St., Purdue",-9.750580917002333,2,"1,1,1,1,1,2,1,1,1,2,1,1,2,1,1,1,2,1,1,1,1,1,1,1,2,2,1,2,2,1,2,1,1,1,1,1,2,1,1,1,2,1,1,2,2,1,1,1,1,1,1,2,1,1,1,2,1,1,2,2,1,1,1"
5,A,Iowa St.,Duke,"Arizona, Duke, Florida, Iowa St.","Arizona, Duke, Florida, Houston, Iowa St., Michigan, Michigan St., Purdue",-10.237988269644,2,"1,1,1,1,1,2,1,1,1,2,1,1,2,1,1,1,2,1,1,1,1,1,1,1,2,2,1,2,2,1,1,1,1,1,1,1,2,1,1,1,2,1,1,2,2,1,1,1,1,1,1,2,1,1,1,2,1,1,2,2,2,2,2"
6,A,Houston,Arizona,"Arizona, Duke, Houston, Michigan","Arizona, Duke, Florida, Houston, Iowa St., Michigan, Michigan St., Purdue",-9.539277993239546,3,"1,1,1,1,1,2,1,1,1,2,1,1,2,1,1,1,2,1,1,1,1,1,1,1,2,2,1,2,2,2,2,1,1,1,1,1,2,1,1,1,2,1,1,2,2,1,1,1,1,1,1,2,1,1,1,2,1,1,2,2,1,1,1"
7,A,Illinois,Arizona,"Arizona, Duke, Illinois, Michigan","Arizona, Duke, Florida, Illinois, Iowa St., Michigan, Michigan St., Purdue",-9.53225241420746,4,"1,1,1,1,1,2,1,1,1,2,1,1,2,1,1,1,2,1,1,1,1,1,1,1,2,2,1,2,1,2,2,1,1,1,1,1,2,1,1,1,2,1,1,2,2,1,1,1,1,1,1,2,1,1,1,2,1,1,2,2,1,1,1"
8,A,Purdue,Duke,"Duke, Florida, Michigan, Purdue","Arizona, Duke, Florida, Houston, Iowa St., Michigan, Michigan St., Purdue",-10.390442031833702,1,"1,1,1,1,1,2,1,1,1,2,1,1,2,1,1,1,2,1,1,1,1,1,1,1,2,2,1,2,2,1,1,1,1,1,1,1,2,1,1,1,2,1,1,2,2,2,1,1,1,1,1,2,1,1,1,2,1,1,2,2,1,1,2"
9,B,Duke,Arizona,"Arizona, Duke, Florida, Michigan","Arizona, Duke, Florida, Houston, Iowa St., Michigan, Michigan St., Purdue",-12.162305197441981,1,"1,1,1,1,1,2,1,1,1,2,1,1,2,1,1,1,2,1,1,1,1,1,1,1,2,2,1,2,2,1,1,1,1,1,1,1,2,1,1,1,2,1,1,2,2,1,1,1,1,1,1,2,1,1,1,2,1,1,2,2,1,1,1"
10,B,Duke,Michigan,"Arizona, Duke, Florida, Michigan","Arizona, Duke, Florida, Houston, Iowa St., Michigan, Michigan St., Purdue",-12.657094759422495,2,"1,1,1,1,1,2,1,1,1,2,1,1,2,1,1,1,2,1,1,1,1,1,1,1,2,2,1,2,2,1,1,1,1,1,1,1,2,1,1,1,2,1,1,2,2,1,1,1,1,1,1,2,1,1,1,2,1,1,2,2,1,2,1"
11,B,Arizona,Duke,"Arizona, Duke, Houston, Michigan","Arizona, Duke, Florida, Houston, Iowa St., Michigan, Michigan St., Purdue",-11.684157666764365,1,"1,1,1,1,1,2,1,1,1,2,1,1,2,1,1,1,2,1,1,1,1,1,1,1,2,2,1,2,2,2,1,1,1,1,1,1,2,1,1,1,2,1,1,2,2,1,1,1,1,1,1,2,1,1,1,2,1,1,2,2,1,1,2"
12,B,Arizona,Florida,"Arizona, Duke, Florida, Michigan","Arizona, Duke, Florida, Houston, Iowa St., Michigan, Michigan St., Purdue",-12.494197659076272,1,"1,1,1,1,1,2,1,1,1,2,1,1,2,1,1,1,2,1,1,1,1,1,1,1,2,2,1,2,2,1,2,1,1,1,1,1,2,1,1,1,2,1,1,2,2,1,1,1,1,1,1,2,1,1,1,2,1,1,2,2,1,1,2"
13,B,Arizona,Duke,"Arizona, Duke, Florida, Iowa St.","Arizona, Duke, Florida, Houston, Iowa St., Michigan, Michigan St., Purdue",-12.266334773831597,1,"1,1,1,1,1,2,1,1,1,2,1,1,2,1,1,1,2,1,1,1,1,1,1,1,2,2,1,2,2,1,1,1,1,1,1,1,2,1,1,1,2,1,1,2,2,1,1,1,1,1,1,2,1,1,1,2,1,1,2,2,2,1,2"
14,B,Arizona,Duke,"Arizona, Duke, Florida, Michigan","Arizona, Duke, Florida, Illinois, Iowa St., Michigan, Michigan St., Purdue",-11.615576180164043,1,"1,1,1,1,1,2,1,1,1,2,1,1,2,1,1,1,2,1,1,1,1,1,1,1,2,2,1,2,1,1,1,1,1,1,1,1,2,1,1,1,2,1,1,2,2,1,1,1,1,1,1,2,1,1,1,2,1,1,2,2,1,1,2"
15,C,Duke,Arizona,"Arizona, Duke, Houston, Michigan","Arizona, Connecticut, Duke, Houston, Iowa St., Michigan, Purdue, Vanderbilt",-15.402108401988766,9,"1,1,1,1,1,2,1,1,1,2,2,1,2,2,1,1,2,1,1,1,1,2,1,1,2,2,1,2,2,2,1,1,1,1,1,1,2,1,1,1,1,1,1,2,2,1,1,2,1,1,1,1,1,1,1,1,1,1,2,2,1,1,1"
16,C,Arizona,Duke,"Arizona, Duke, Illinois, Iowa St.","Alabama, Arizona, Connecticut, Duke, Illinois, Iowa St., Purdue, Vanderbilt",-15.506545506919098,9,"1,1,1,1,1,2,1,1,1,1,2,1,2,2,1,1,2,1,1,1,1,2,1,1,2,2,1,2,1,2,1,1,1,1,1,1,2,1,1,1,2,1,1,2,2,1,1,1,1,1,1,2,2,2,1,2,1,1,2,2,2,1,2"
17,C,Arizona,Duke,"Arizona, Duke, Illinois, Iowa St.","Alabama, Arizona, Connecticut, Duke, Florida, Illinois, Iowa St., Purdue",-15.594678287089502,9,"1,1,1,1,1,2,1,1,1,2,1,1,2,2,1,1,2,1,1,1,1,1,1,1,2,2,1,2,1,2,1,1,1,1,1,1,1,1,1,1,1,1,1,2,2,1,1,2,1,1,1,2,2,1,1,1,1,1,2,2,2,1,2"
18,C,Arizona,Florida,"Arizona, Connecticut, Florida, Michigan","Arizona, Connecticut, Florida, Illinois, Iowa St., Kansas, Michigan, Purdue",-15.94845933111329,9,"1,1,1,1,1,2,2,1,1,1,2,1,2,2,2,1,2,1,1,1,1,1,1,1,2,2,1,2,1,1,2,1,1,1,1,1,2,1,1,1,1,1,1,2,2,1,1,1,1,1,1,1,1,1,1,2,1,1,2,2,1,1,2"
19,C,Arizona,Duke,"Arizona, Duke, Florida, Iowa St.","Arizona, Connecticut, Duke, Florida, Illinois, Iowa St., Michigan, Purdue",-15.975445445491069,9,"1,1,1,1,1,2,1,1,1,2,2,1,2,2,1,1,2,1,1,1,1,1,1,1,2,2,1,2,1,1,1,1,1,1,2,1,2,1,1,1,1,2,1,2,2,1,1,1,1,1,1,1,1,1,1,1,1,1,2,2,2,1,2"
20,C,Duke,Arizona,"Arizona, Duke, Florida, Michigan","Arizona, Connecticut, Duke, Florida, Illinois, Iowa St., Michigan, Purdue",-16.063420839802777,9,"1,1,1,1,1,2,1,1,1,1,1,1,2,2,1,1,2,1,1,1,2,1,1,1,2,2,1,2,1,1,1,1,2,1,1,1,2,1,1,1,1,1,1,2,2,1,1,1,1,1,1,2,1,1,1,1,2,1,2,2,1,1,1"
